{
    "eval_loss": 19.91983985900879,
    "eval_runtime": 653.1431,
    "eval_samples_per_second": 1.458,
    "eval_steps_per_second": 0.729,
    "total_flos": 8.207282509244744e+18,
    "train_loss": 20.038573652422393,
    "train_runtime": 25824.2211,
    "train_samples_per_second": 0.442,
    "train_steps_per_second": 0.028
}