{
    "eval_loss": 19.938005447387695,
    "eval_runtime": 533.9063,
    "eval_samples_per_second": 1.783,
    "eval_steps_per_second": 0.892,
    "total_flos": 3.2152334344678195e+18,
    "train_loss": 20.01590908274931,
    "train_runtime": 22022.6675,
    "train_samples_per_second": 0.518,
    "train_steps_per_second": 0.032
}